claim_id,record_id,source_id,field,observed_value,normalized_value,evidence_locator,evidence_excerpt,confidence,review_status,review_notes
claim-0001,postcards:catalog/loc-2013646869,loc-2013646869,title,Palace of Varied Industries,Palace of Varied Industries,Title from item,Palace of Varied Industries,high,accepted,
claim-0002,postcards:catalog/loc-2013646869,loc-2013646869,date,1904,1904,Created / Published; Notes,1904,high,accepted,
claim-0003,postcards:catalog/loc-2013646869,loc-2013646869,place.depicted,"St. Louis, Missouri","St. Louis, Missouri",Headings; Summary,"St. Louis, Missouri",high,accepted,
claim-0004,postcards:catalog/loc-2013646869,loc-2013646869,postcard:printProcess,"1 print (postcard) : lithograph, color",lithograph,Medium,"1 print (postcard) : lithograph, color",high,accepted,
claim-0005,postcards:catalog/loc-2013646869,loc-2013646869,number,A Glimpse of the World's Wonder #14,14,Notes,A Glimpse of the World's Wonder #14,high,accepted,
claim-0006,postcards:catalog/loc-2013646869,loc-2013646869,notes,"Samuel Cupples Envelope Co., sole World's Fair stationers; From the Gray Lithograph Company",A Glimpse of the World's Wonder series; LOC identifies Samuel Cupples Envelope Co. as fair stationer and Gray Lithograph Company as source of print.,Notes,"Samuel Cupples Envelope Co., sole World's Fair stationers; From the Gray Lithograph Company",high,accepted,
claim-0007,postcards:catalog/loc-2013646870,loc-2013646870,title,Palace of Agriculture,Palace of Agriculture,Title from item,Palace of Agriculture,high,accepted,
claim-0008,postcards:catalog/loc-2013646870,loc-2013646870,date,1904,1904,Created / Published; Notes,1904,high,accepted,
claim-0009,postcards:catalog/loc-2013646870,loc-2013646870,place.depicted,"St. Louis, Missouri","St. Louis, Missouri",Headings; Summary,"St. Louis, Missouri",high,accepted,
claim-0010,postcards:catalog/loc-2013646870,loc-2013646870,postcard:printProcess,"1 print (postcard) : lithograph, color",lithograph,Medium,"1 print (postcard) : lithograph, color",high,accepted,
claim-0011,postcards:catalog/loc-2013646870,loc-2013646870,number,A Glimpse of the World's Wonder #12,12,Notes,A Glimpse of the World's Wonder #12,high,accepted,
claim-0012,postcards:catalog/loc-2013646870,loc-2013646870,notes,"Samuel Cupples Envelope Co., sole World's Fair stationers; From the Gray Lithograph Company",A Glimpse of the World's Wonder series; LOC identifies Samuel Cupples Envelope Co. as fair stationer and Gray Lithograph Company as source of print.,Notes,"Samuel Cupples Envelope Co., sole World's Fair stationers; From the Gray Lithograph Company",high,accepted,
claim-0013,postcards:catalog/loc-2013646872,loc-2013646872,title,Palace of Manufactures,Palace of Manufactures,Title from item,Palace of Manufactures,high,accepted,
claim-0014,postcards:catalog/loc-2013646872,loc-2013646872,date,1904,1904,Created / Published; Notes,1904,high,accepted,
claim-0015,postcards:catalog/loc-2013646872,loc-2013646872,place.depicted,"St. Louis, Missouri","St. Louis, Missouri",Headings; Summary,"St. Louis, Missouri",high,accepted,
claim-0016,postcards:catalog/loc-2013646872,loc-2013646872,postcard:printProcess,"1 print (postcard) : lithograph, color",lithograph,Medium,"1 print (postcard) : lithograph, color",high,accepted,
claim-0017,postcards:catalog/loc-2013646872,loc-2013646872,number,A Glimpse of the World's Wonder #17,17,Notes,A Glimpse of the World's Wonder #17,high,accepted,
claim-0018,postcards:catalog/loc-2013646872,loc-2013646872,notes,"Samuel Cupples Envelope Co., sole World's Fair stationers; From the Gray Lithograph Company",A Glimpse of the World's Wonder series; LOC identifies Samuel Cupples Envelope Co. as fair stationer and Gray Lithograph Company as source of print.,Notes,"Samuel Cupples Envelope Co., sole World's Fair stationers; From the Gray Lithograph Company",high,accepted,
claim-0019,postcards:catalog/loc-2008681160,loc-2008681160,title,"Panorama of the World's Fair, St. Louis, 1904 showing every building of the exposition numbered and named","Panorama of the World's Fair, St. Louis, 1904 showing every building of the exposition numbered and named",Title from item,"Panorama of the World's Fair, St. Louis, 1904 showing every building of the exposition numbered and named",high,accepted,
claim-0020,postcards:catalog/loc-2008681160,loc-2008681160,date,c1904 March 5,1904~,Created / Published; Notes,c1904 March 5,medium,accepted,"Date is inferred from copyright year, not verified release year."
claim-0021,postcards:catalog/loc-2008681160,loc-2008681160,place.depicted,"St. Louis, Missouri","St. Louis, Missouri",Headings; Summary,"St. Louis, Missouri",high,accepted,
claim-0022,postcards:catalog/loc-2008681160,loc-2008681160,postcard:printProcess,1 photomechanical print (postcard): halftone,halftone,Medium,1 photomechanical print (postcard): halftone,high,accepted,
claim-0023,postcards:catalog/loc-2008681160,loc-2008681160,postcard:format,Postcard folds in thirds,fold-out,Notes,Postcard folds in thirds,high,accepted,
claim-0024,postcards:catalog/loc-2008681160,loc-2008681160,agent.publisher,"Geo. W. Melville, eng'r & pub., Oak Park, Ill, USA",Geo. W. Melville,Created / Published; inscription on back,"Geo. W. Melville, eng'r & pub., Oak Park, Ill, USA",high,accepted,
claim-0025,postcards:catalog/loc-2008681160,loc-2008681160,notes,Postcard folds in thirds; key to numbers on back,"Three-panel folding panorama with a numbered building key on its back. Copyright date March 5, 1904; exact release date not established.",Notes,Postcard folds in thirds; key to numbers on back,high,accepted,
claim-0026,postcards:catalog/loc-2013646943,loc-2013646943,title,"Franklin Co. courthouse, Union, Mo.","Franklin Co. courthouse, Union, Mo.",Title from item,"Franklin Co. courthouse, Union, Mo.",high,accepted,
claim-0027,postcards:catalog/loc-2013646943,loc-2013646943,date,c1908; copyright 1908,1908~,Created / Published; Notes,c1908; copyright 1908,medium,accepted,"Date is inferred from copyright year, not verified release year."
claim-0028,postcards:catalog/loc-2013646943,loc-2013646943,place.depicted,"Union, Franklin County, Missouri","Union, Franklin County, Missouri",Headings; Summary,"Union, Franklin County, Missouri",high,accepted,
claim-0029,postcards:catalog/loc-2013646943,loc-2013646943,postcard:printProcess,1 photographic print (postcard),real-photo,Medium,1 photographic print (postcard),high,accepted,
claim-0030,postcards:catalog/loc-2013646943,loc-2013646943,notes,Copyright 1908 by J. F. Jaeger,"LOC holds two copies under one item record; J. F. Jaeger is credited as copyright holder, not assumed publisher. Copyright date is 1908; publication date not established.",Notes,Copyright 1908 by J. F. Jaeger,high,accepted,
claim-0031,postcards:catalog/loc-2013646944,loc-2013646944,title,"5th St. residences, Washington, Mo.","5th St. residences, Washington, Mo.",Title from item,"5th St. residences, Washington, Mo.",high,accepted,
claim-0032,postcards:catalog/loc-2013646944,loc-2013646944,date,c1908; copyright 1908,1908~,Created / Published; Notes,c1908; copyright 1908,medium,accepted,"Date is inferred from copyright year, not verified release year."
claim-0033,postcards:catalog/loc-2013646944,loc-2013646944,place.depicted,"Washington, Franklin County, Missouri","Washington, Franklin County, Missouri",Headings; Summary,"Washington, Franklin County, Missouri",high,accepted,
claim-0034,postcards:catalog/loc-2013646944,loc-2013646944,postcard:printProcess,1 photographic print (postcard),real-photo,Medium,1 photographic print (postcard),high,accepted,
claim-0035,postcards:catalog/loc-2013646944,loc-2013646944,notes,Copyright 1908 by J. F. Jaeger,"J. F. Jaeger is credited as copyright holder, not assumed publisher. Copyright date is 1908; publication date not established.",Notes,Copyright 1908 by J. F. Jaeger,high,accepted,
claim-0036,postcards:catalog/loc-2013646946,loc-2013646946,title,Washington Mo. looking west,Washington Mo. looking west,Title from item,Washington Mo. looking west,high,accepted,
claim-0037,postcards:catalog/loc-2013646946,loc-2013646946,date,c1908; copyright 1908,1908~,Created / Published; Notes,c1908; copyright 1908,medium,accepted,"Date is inferred from copyright year, not verified release year."
claim-0038,postcards:catalog/loc-2013646946,loc-2013646946,place.depicted,"Washington, Franklin County, Missouri","Washington, Franklin County, Missouri",Headings; Summary,"Washington, Franklin County, Missouri",high,accepted,
claim-0039,postcards:catalog/loc-2013646946,loc-2013646946,postcard:printProcess,1 photographic print (postcard),real-photo,Medium,1 photographic print (postcard),high,accepted,
claim-0040,postcards:catalog/loc-2013646946,loc-2013646946,notes,Copyright 1908 by J. F. Jaeger,"J. F. Jaeger is credited as copyright holder, not assumed publisher. Copyright date is 1908; publication date not established.",Notes,Copyright 1908 by J. F. Jaeger,high,accepted,
claim-0041,postcards:catalog/loc-2013646947,loc-2013646947,title,Washington Mo. looking east,Washington Mo. looking east,Title from item,Washington Mo. looking east,high,accepted,
claim-0042,postcards:catalog/loc-2013646947,loc-2013646947,date,c1908; copyright 1908,1908~,Created / Published; Notes,c1908; copyright 1908,medium,accepted,"Date is inferred from copyright year, not verified release year."
claim-0043,postcards:catalog/loc-2013646947,loc-2013646947,place.depicted,"Washington, Franklin County, Missouri","Washington, Franklin County, Missouri",Headings; Summary,"Washington, Franklin County, Missouri",high,accepted,
claim-0044,postcards:catalog/loc-2013646947,loc-2013646947,postcard:printProcess,1 photographic print (postcard),real-photo,Medium,1 photographic print (postcard),high,accepted,
claim-0045,postcards:catalog/loc-2013646947,loc-2013646947,notes,Copyright 1908 by J. F. Jaeger,"J. F. Jaeger is credited as copyright holder, not assumed publisher. Copyright date is 1908; publication date not established.",Notes,Copyright 1908 by J. F. Jaeger,high,accepted,
